{
    "version": "1714354501",
    "engine_version": "1.6.0",
    "inherits": "Generic PLA(K)",
    "metadata": {
        "name": "Generic PLA,
        "id": "50001"
    },
{
    "engine_data": {
        "activate_air_filtration": "0",
        "activate_chamber_temp_control": "0",
        "additional_cooling_fan_speed": "0",
        "chamber_temperature": "0",
        "close_fan_the_first_x_layers": "2",
        "compatible_printers": "",
        "compatible_printers_condition": "",
        "compatible_prints": "",
        "compatible_prints_condition": "",
        "complete_print_exhaust_fan_speed": "80",
        "cool_cds_fan_start_at_height": "0.5",
        "cool_plate_temp": "35",
        "cool_plate_temp_initial_layer": "35",
        "cool_special_cds_fan_speed": "0",
        "default_filament_colour": "\"\"",
        "during_print_exhaust_fan_speed": "60",
        "enable_overhang_bridge_fan": "1",
        "enable_pressure_advance": "1",
        "eng_plate_temp": "45",
        "eng_plate_temp_initial_layer": "45",
        "fan_cooling_layer_time": "60",
        "fan_max_speed": "100",
        "fan_min_speed": "20",
        "filament_cooling_final_speed": "3.4",
        "filament_cooling_initial_speed": "2.2",
        "filament_cooling_moves": "4",
        "filament_cost": "900",
        "filament_density": "1.24",
        "filament_deretraction_speed": "nil",
        "filament_diameter": "1.75",
        "filament_end_gcode": "\" \"",
        "filament_flow_ratio": "0.98",
        "filament_is_support": "0",
        "filament_load_time": "0",
        "filament_loading_speed": "28",
        "filament_loading_speed_start": "3",
        "filament_max_volumetric_speed": "25",
        "filament_minimal_purge_on_wipe_tower": "15",
        "filament_multitool_ramming": "0",
        "filament_multitool_ramming_flow": "10",
        "filament_multitool_ramming_volume": "10",
        "filament_notes": "\"\"",
        "filament_ramming_parameters": "\"120 100 6.6 6.8 7.2 7.6 7.9 8.2 8.7 9.4 9.9 10.0| 0.05 6.6 0.45 6.8 0.95 7.8 1.45 8.3 1.95 9.7 2.45 10 2.95 7.6 3.45 7.6 3.95 7.6 4.45 7.6 4.95 7.6\"",
        "filament_retract_before_wipe": "nil",
        "filament_retract_lift_above": "nil",
        "filament_retract_lift_below": "nil",
        "filament_retract_lift_enforce": "nil",
        "filament_retract_restart_extra": "nil",
        "filament_retract_when_changing_layer": "nil",
        "filament_retraction_length": "nil",
        "filament_retraction_minimum_travel": "nil",
        "filament_retraction_speed": "nil",
        "filament_shrink": "100%",
        "filament_soluble": "0",
        "filament_start_gcode": "\" \"",
        "filament_toolchange_delay": "0",
        "filament_type": "PLA",
        "filament_unload_time": "0",
        "filament_unloading_speed": "90",
        "filament_unloading_speed_start": "100",
        "filament_vendor": "Generic",
        "filament_wipe": "nil",
        "filament_wipe_distance": "nil",
        "filament_z_hop": "nil",
        "filament_z_hop_types": "nil",
        "full_fan_speed_layer": "2",
        "hot_plate_temp": "60",
        "hot_plate_temp_initial_layer": "60",
        "inherits": "",
        "material_flow_dependent_temperature": "0",
        "material_flow_temp_graph": "[[3.0,210],[10.0,220],[12.0,230]]",
        "nozzle_temperature": "220",
        "nozzle_temperature_initial_layer": "220",
        "nozzle_temperature_range_high": "220",
        "nozzle_temperature_range_low": "200",
        "overhang_fan_speed": "100",
        "overhang_fan_threshold": "95%",
        "pressure_advance": "0.04",
        "reduce_fan_stop_start_freq": "0",
        "required_nozzle_HRC": "0",
        "slow_down_for_layer_cooling": "1",
        "slow_down_layer_time": "5",
        "slow_down_min_speed": "10",
        "support_material_interface_fan_speed": "-1",
        "temperature_vitrification": "100",
        "textured_plate_temp": "60",
        "textured_plate_temp_initial_layer": "60"
    },
    "engine_version": ""
}