{
    "version": "1714354501",
    "engine_version": "1.6.0",
    "inherits": "",
    "metadata": {
        "show_name": "Creality CR-10 SE",
        "preferred_process": "0.20mm Standard",
        "enable_preview_img": false,
        "preview_img_type": "",
        "preview_img_small": "",
        "preview_img_big": "",
        "top_material": [
            "50001"
        ]
		},
{
    "printer": {
        "machine_max_speed_y": "600",
        "high_current_on_filament_swap": "1",
        "machine_max_acceleration_retracting": "5000",
        "printer_variant": "0.4",
        "retraction_speed": "40",
        "retract_restart_extra_toolchange": "0",
        "cooling_tube_retraction": "91.5",
        "z_hop": "0.1",
        "machine_pause_gcode": "PAUSE",
        "machine_max_acceleration_y": "8000",
        "printhost_ssl_ignore_revoke": "0",
        "printing_by_object_gcode": "",
        "printable_area": "0x0,220x0,220x220,0x220",
        "print_host": "",
        "machine_LED_light_exist": "1",
        "machine_max_jerk_e": "2.5",
        "purge_in_prime_tower": "1",
        "use_relative_e_distances": "1",
        "preferred_orientation": "0",
        "fan_kickstart": "0",
        "change_filament_gcode": "PAUSE",
        "change_extrusion_role_gcode": "",
        "emit_machine_limits_to_gcode": "1",
        "machine_max_acceleration_extruding": "8000",
        "z_hop_types": "Normal Lift",
        "z_offset": "0",
        "bed_custom_model": "",
        "retraction_minimum_travel": "2",
        "fan_speedup_overhangs": "1",
        "thumbnails": "96x96,300x300",
        "machine_max_acceleration_z": "500",
        "layer_change_gcode": "",
        "retract_lift_above": "0",
        "default_filament_profile": "Creality Generic PLA @Ender-3V3-all",
        "extruder_clearance_radius": "65",
        "use_firmware_retraction": "0",
        "wipe": "1",
        "auxiliary_fan": "0",
        "machine_max_speed_z": "30",
        "retract_when_changing_layer": "1",
        "disable_m73": "0",
        "machine_unload_filament_time": "0",
        "machine_start_gcode": ";PRINT_START\nM190 S[bed_temperature_initial_layer_single]\nM109 S[nozzle_temperature_initial_layer]\nM82\nM220 S100 ;Reset feed rate\nM221 S100 ;Reset flow rate\nG28 ;Home\nG92 E0 ;Reset extruder\nG1 Z5.0 F3000 ;Move Z Axis up\nG1 X-4 Y20 Z0.28 F5000.0 ;Move to start position\nG1 X-4 Y100.0 Z0.28 F1500.0 E15 ;Draw the first line\nG1 X-4 Y100.0 Z0.28 F5000.0 ;Move to side a little\nG1 X-4 Y20 Z0.28 F1500.0 E30 ;Draw the second line\nG92 E0  ;Reset Extruder\nG1 E-1.0000 F1800 ;Retract a bit\nG1 Z2.0 F3000 ;Move Z Axis up\nG1 X5 Y20 Z0.3 F5000.0 ; Move over to prevent blob squish\nG1 E0.0000 F1800\n;PRINT_START EXTRUDER=[nozzle_temperature_initial_layer] BED=[bed_temperature_initial_layer_single]",
        "printhost_apikey": "",
        "cooling_tube_length": "5",
        "retract_lift_below": "0",
        "support_chamber_temp_control": "0",
        "printer_structure": "i3",
        "support_multi_bed_types": "0",
        "machine_max_jerk_x": "10",
        "printer_technology": "FFF",
        "single_extruder_multi_material": "1",
        "nozzle_volume": "0",
        "scan_first_layer": "0",
        "manual_filament_change": "1",
        "extruder_clearance_height_to_lid": "140",
        "head_wrap_detect_zone": "",
        "before_layer_change_gcode": ";BEFORE_LAYER_CHANGE\n;[layer_z]\nG92 E0\n",
        "support_air_filtration": "0",
        "inherits": "fdm_creality_common",
        "parking_pos_retraction": "92",
        "printer_notes": "",
        "deretraction_speed": "40",
        "bed_exclude_area": "0x0",
        "printhost_cafile": "",
        "printer_model": "Creality CR-10 SE",
        "extruder_offset": "0x0",
        "nozzle_hrc": "0",
        "machine_max_speed_x": "600",
        "printhost_port": "",
        "nozzle_diameter": "0.4",
        "wipe_distance": "1",
        "machine_max_speed_e": "100",
        "machine_load_filament_time": "11",
        "machine_min_travel_rate": "0,0",
        "machine_max_jerk_z": "2",
        "extruder_colour": "#FCE94F",
        "print_host_webui": "",
        "min_layer_height": "0.08",
        "best_object_pos": "0.5,0.5",
        "host_type": "octoprint",
        "time_lapse_gcode": "",
        "retraction_length": "0.5",
        "extruder_clearance_height_to_rod": "36",
        "retract_before_wipe": "70%",


        "retract_length_toolchange": "1",
        "retract_lift_enforce": "All Surfaces",
        "silent_mode": "0",
        "nozzle_type": "hardened_steel",
        "max_layer_height": "0.36",
        "machine_platform_motion_enable": "0",
        "machine_min_extruding_rate": "0,0",
        "fan_speedup_time": "0",
        "printhost_password": "",
        "gcode_flavor": "klipper",
        "thumbnails_format": "CR_PNG",
        "bed_custom_texture": "",
        "printable_height": "260",
        "default_print_profile": "0.20mm Standard @Creality Ender3V3KE",
        "retract_restart_extra": "0",
        "upward_compatible_machine": "",
        "extra_loading_move": "-2",
        "enable_filament_ramming": "1",
        "machine_max_jerk_y": "10",
        "time_cost": "0",
        "machine_max_acceleration_x": "8000",
        "machine_max_acceleration_e": "5000",
        "printhost_user": "",
        "machine_end_gcode": ";PRINT_END\nG91 ;Relative positioning\nG1 E-2 F2700 ;Retract a bit\nG1 E-2 Z0.2 F2400 ;Retract and raise Z\nG1 X5 Y5 F3000 ;Wipe out\nG1 Z10 ;Raise Z more\nG90 ;Absolute positioning\n\nG1 X0 Y220 ;Present print\nM106 S0 ;Turn-off fan\nM104 S0 ;Turn-off hotend\nM140 S0 ;Turn-off bed\n\nM84 X Y E ;Disable all steppers but Z\n",
        "machine_max_acceleration_travel": "8000",
        "printhost_authorization_type": "key",
        "template_custom_gcode": ""
    },
    "metadata": {
        "inherits_from": "F005-0.4"
    },
    "extruders": [
        {
            "engine_data": {
                "nozzle_diameter": "0.4",
                "z_hop": "0",
                "z_hop_types": "Normal Lift",
                "retract_length_toolchange": "1",
                "wipe_distance": "1",
                "retract_restart_extra": "0",
                "retract_lift_below": "0",
                "retract_before_wipe": "70%",
                "default_filament_profile": "Creality Generic PLA @Ender-3V3-all",
                "extruder_offset": "0x0",
                "min_layer_height": "0.08",
                "max_layer_height": "0.36",
                "retraction_minimum_travel": "2",
                "extruder_colour": "#FCE94F",
                "retract_restart_extra_toolchange": "0",
                "retract_lift_enforce": "All Surfaces",
                "wipe": "1",
                "deretraction_speed": "40",
                "retraction_length": "1",
                "retract_lift_above": "0",
                "retract_when_changing_layer": "1",
                "retraction_speed": "40"
            },
            "metadata": {
                "color": 4282244950,
                "current_material": "CR10SE-PLA-1.75",
                "is_physical": true
            }
        }
    ]
}
```